<?xml version="1.0" encoding="UTF-8"?>
<beans xmlns="http://www.springframework.org/schema/beans" xmlns:xsi="http://www.w3.org/2001/XMLSchema-instance"
	xmlns:context="http://www.springframework.org/schema/context"
	xsi:schemaLocation="http://www.springframework.org/schema/beans http://www.springframework.org/schema/beans/spring-beans-3.1.xsd
		http://www.springframework.org/schema/context http://www.springframework.org/schema/context/spring-context-3.1.xsd" 
		default-lazy-init="true">

	<description>Spring公共配置 </description>
	

	<!-- 定义consumer的参数 -->
    <bean id="consumerProperties" class="java.util.HashMap">
        <constructor-arg>
            <map>
                <entry key="bootstrap.servers" value="${kafka.bootstrap.servers}"/>
                <entry key="group.id" value="${conf.appname:10086}"/>
                <entry key="client.id" value="${kafka.consumer.id:${framework.host:}}"/>
                <entry key="enable.auto.commit" value="false"/>
                <entry key="fetch.max.wait.ms" value="15000"/>
                <entry key="session.timeout.ms" value="15000"/>
                <entry key="key.deserializer" value="org.apache.kafka.common.serialization.StringDeserializer"/>
                <entry key="value.deserializer" value="org.apache.kafka.common.serialization.StringDeserializer"/>
            </map>
        </constructor-arg>
    </bean>

    <!-- 创建consumerFactory bean -->
    <bean id="consumerFactory" class="org.springframework.kafka.core.DefaultKafkaConsumerFactory">
        <constructor-arg>
            <ref bean="consumerProperties"/>
        </constructor-arg>
    </bean>

    <!-- 实际执行消息消费的类 -->
    <bean id="kafkaMessageListener" class="com.wckj.framework.msg.kafka.KafkaMessageListener"/>

    <!-- 消费者容器配置信息 -->
    <bean id="containerProperties" class="com.wckj.framework.msg.kafka.CustomContainerProperties">
        <constructor-arg>
        	<array value-type="java.lang.String">
        		<value>${kafka.client.topics:}</value>
        		<value>test</value>
        	</array>
        </constructor-arg>
        <property name="messageListener" ref="kafkaMessageListener"/>
        <property name="ackMode" value="BATCH"/>
    </bean>

    <!-- 创建kafkatemplate bean，使用的时候，只需要注入这个bean，即可使用template的send消息方法 -->
    <bean id="messageListenerContainer" class="org.springframework.kafka.listener.KafkaMessageListenerContainer" init-method="doStart">
        <constructor-arg ref="consumerFactory"/>
        <constructor-arg ref="containerProperties"/>
    </bean>

</beans>