<?xml version="1.0" encoding="UTF-8"?>
<beans xmlns="http://www.springframework.org/schema/beans" xmlns:xsi="http://www.w3.org/2001/XMLSchema-instance"
	xmlns:context="http://www.springframework.org/schema/context"
	xsi:schemaLocation="http://www.springframework.org/schema/beans http://www.springframework.org/schema/beans/spring-beans-3.1.xsd
		http://www.springframework.org/schema/context http://www.springframework.org/schema/context/spring-context-3.1.xsd" 
		default-lazy-init="true">

	<description>Spring公共配置 </description>
	
	<!-- 定义producer的参数 -->
    <bean id="logProducerProperties" class="java.util.HashMap">
        <constructor-arg>
            <map>
                <entry key="bootstrap.servers" value="${log.trace.kafka.servers}"/>
                <entry key="retries" value="3"/>
                <entry key="batch.size" value="4194304"/>
                <entry key="max.request.size" value="10000000"/>
                <entry key="linger.ms" value="5000"/>
                <entry key="buffer.memory" value="134217728"/>
                <entry key="partitioner.class" value="com.wckj.framework.msg.kafka.CustomKafkaProducerPartitioner"/>
                <entry key="key.serializer" value="org.apache.kafka.common.serialization.StringSerializer"/>
                <entry key="value.serializer" value="org.apache.kafka.common.serialization.StringSerializer"/>
            </map>
        </constructor-arg>
    </bean>
 
    <!-- 创建kafkatemplate需要使用的producerfactory bean -->
    <bean id="logProducerFactory" class="org.springframework.kafka.core.DefaultKafkaProducerFactory">
        <constructor-arg>
            <ref bean="logProducerProperties"/>
        </constructor-arg>
    </bean>
 
    <!-- 创建kafkatemplate bean，使用的时候，只需要注入这个bean，即可使用template的send消息方法 -->
    <bean id="logKafkaTemplate" class="org.springframework.kafka.core.KafkaTemplate">
        <constructor-arg ref="logProducerFactory"/>
        <constructor-arg name="autoFlush" value="true"/>
        <property name="defaultTopic" value="zfba-log"/>
    </bean>

	<!-- 日志消息生产者 -->
	<bean id="logTraceSenderProducer" class="com.wckj.framework.msg.kafka.KafkaMessageProducer">
	    <property name="kafkaProducer" ref="logKafkaTemplate"/>
	</bean>
</beans>