<?xml version="1.0" encoding="UTF-8"?>
<beans xmlns="http://www.springframework.org/schema/beans" xmlns:xsi="http://www.w3.org/2001/XMLSchema-instance"
	xmlns:context="http://www.springframework.org/schema/context"
	xsi:schemaLocation="http://www.springframework.org/schema/beans http://www.springframework.org/schema/beans/spring-beans-3.1.xsd
		http://www.springframework.org/schema/context http://www.springframework.org/schema/context/spring-context-3.1.xsd" 
		default-lazy-init="true">

	<description>Spring公共配置 </description>
	
	<!-- 定义producer的参数 -->
    <bean id="producerProperties" class="java.util.HashMap">
        <constructor-arg>
            <map>
                <entry key="bootstrap.servers" value="${kafka.bootstrap.servers}"/>
                <entry key="retries" value="3"/>
                <entry key="batch.size" value="16384"/>
                <entry key="linger.ms" value="1"/>
                <entry key="buffer.memory" value="33554432"/>
                <entry key="partitioner.class" value="com.wckj.framework.msg.kafka.CustomKafkaProducerPartitioner"/>
                <entry key="key.serializer" value="org.apache.kafka.common.serialization.StringSerializer"/>
                <entry key="value.serializer" value="org.apache.kafka.common.serialization.StringSerializer"/>
            </map>
        </constructor-arg>
    </bean>
 
    <!-- 创建kafkatemplate需要使用的producerfactory bean -->
    <bean id="producerFactory" class="org.springframework.kafka.core.DefaultKafkaProducerFactory">
        <constructor-arg>
            <ref bean="producerProperties"/>
        </constructor-arg>
    </bean>
 
    <!-- 创建kafkatemplate bean，使用的时候，只需要注入这个bean，即可使用template的send消息方法 -->
    <bean id="kafkaProducer" class="org.springframework.kafka.core.KafkaTemplate">
        <constructor-arg ref="producerFactory"/>
        <constructor-arg name="autoFlush" value="true"/>
        <property name="defaultTopic" value="test"/>
    </bean>

	<!-- 框架消息生产者 -->
	<bean id="frameworkProducer" class="com.wckj.framework.msg.kafka.KafkaMessageProducer"/>
</beans>