<?xml version="1.0" encoding="UTF-8"?>
<beans xmlns="http://www.springframework.org/schema/beans" xmlns:xsi="http://www.w3.org/2001/XMLSchema-instance"
	xmlns:context="http://www.springframework.org/schema/context" xmlns:jdbc="http://www.springframework.org/schema/jdbc"  
	xmlns:jee="http://www.springframework.org/schema/jee" xmlns:tx="http://www.springframework.org/schema/tx"
	xmlns:jpa="http://www.springframework.org/schema/data/jpa"
	xmlns:aop="http://www.springframework.org/schema/aop"
	xsi:schemaLocation="http://www.springframework.org/schema/beans http://www.springframework.org/schema/beans/spring-beans.xsd
		http://www.springframework.org/schema/context http://www.springframework.org/schema/context/spring-context.xsd
		http://www.springframework.org/schema/jdbc http://www.springframework.org/schema/jdbc/spring-jdbc.xsd
		http://www.springframework.org/schema/jee http://www.springframework.org/schema/jee/spring-jee.xsd
		http://www.springframework.org/schema/tx http://www.springframework.org/schema/tx/spring-tx.xsd
		http://www.springframework.org/schema/data/jpa http://www.springframework.org/schema/data/jpa/spring-jpa.xsd
		http://www.springframework.org/schema/aop
		http://www.springframework.org/schema/aop/spring-aop.xsd" 
		default-lazy-init="true">

	<description>动态数据源公共配置 </description>

	<!-- 动态数据源配置 
	<bean id="dynamicDataSource" class="com.wckj.framework.spring.datasource.DefaultDynamicDataSource">
		<property name="targetDataSources">
			<map>
				<entry key="demo" value-ref="zfbaDataSource"/>
			</map>
		</property>
		<property name="defaultTargetDataSource" ref="dataSource"/>		
	</bean>
	-->
	
	<!-- 动态数据源配置  -->
	<bean id="dynamicDataSource" class="com.wckj.framework.spring.datasource.DefaultDynamicDataSource"/>
	
 	<!-- 动态数据源(dynamicDataSource)对应的 mybatis sqlSessionFactory -->
    <bean id="dynamicDataSourceSqlSessionFactory" class="org.mybatis.spring.SqlSessionFactoryBean">
        <property name="dataSource" ref="dynamicDataSource"/>
        <property name="mapperLocations" value="classpath*:/mappings/**/dyncds/**/*.xml"/>
		<property name="configLocation" value="classpath:/framework/mybatis-config.xml"></property>
    </bean>
    
	<bean class="org.mybatis.spring.mapper.MapperScannerConfigurer">
        <property name="basePackage" value="com.wckj.**.dyncds.**.dao"/>
        <property name="sqlSessionFactoryBeanName" value="dynamicDataSourceSqlSessionFactory"/>
        <property name="annotationClass" value="com.wckj.framework.spring.datasource.annotation.DynamicDataSourceDaoRepository"/>
    </bean>
	
	<!-- 动态数据源aop拦截 -->
	<bean id="dynamicDataSourceMethodAdvisor" class="com.wckj.framework.spring.datasource.interceptor.DynamicDataSourceMethodAdvisor">
		<property name="patten" value="com.wckj..dyncds..*.*(..)"/>
	</bean>
	
	<!-- 各个子系统的配置-->
	<!-- 
	<import resource="classpath*:/config/jdone/dynamicDataSource.xml"/>
	-->
</beans>