<?xml version="1.0" encoding="utf-8" ?>
<data>
	<connector-list>
		<!--  
		<connector>
			<name>redisTemplate缓存连接器</name>
			<mark>redisTemplate</mark>
			<cacheType>redis</cacheType>
			<connObjType>RedisTemplate</connObjType>
			<connAddr></connAddr>
			<connAuthInfo></connAuthInfo>
			<connConfInfo></connConfInfo>
		</connector>
		<connector>
			<name>jredisPool缓存连接器</name>
			<mark>jredisPool</mark>
			<cacheType>redis</cacheType>
			<connObjType>JredisPool</connObjType>
			<connAddr>192.168.18.240:16379</connAddr>
			<connAuthInfo>redis@weican2019</connAuthInfo>
			<connConfInfo></connConfInfo>
		</connector>
		-->
	</connector-list>
	
	<container-list>
	   <!--  
		<container>
			<name>系统默认缓存</name>
			<mark>cache-default</mark>
			<desc>存储字典数据</desc>
			<connMark>redisTemplate</connMark>
		</container>
		-->
		<!-- 
		<container>
			<name>数据字典缓存容器</name>
			<mark>cache-dic</mark>
			<desc>数据字典缓存</desc>
			<connMark>redisTemplate</connMark>
		</container>
		-->
		<!-- 
		<container>
			<name>测试容器</name>
			<mark>cache-dic-2</mark>
			<desc>数据字典缓存</desc>
			<connMark>redisTemplate</connMark>
			<implClass>com.wckj.framework.spring.cache.redis.RedisTemplateCacheContainer</implClass>
			<extra>
				<test>123</test>
			</extra>
		</container>
		-->				
	</container-list>
</data>